sample,host_time,pid,app_top_cpu_percent,app_top_rss_kb,app_threads,app_vmrss_kb,app_vmsize_kb,cpuinfo_line,max_temp_c,min_temp_c,thermal_hotspot
"0","2026-05-16T16:56:57.2373865+08:00","1395","0.0","3332","57","290304","18184996","195% 30562/io.github.openclawcn.app: 114% user + 81% kernel / faults: 4719134 minor 1 major","61.8","51.3","soc_max:61.8"
"2","2026-05-16T16:57:02.7197050+08:00","1395","0.0","3320","56","277968","17898416","195% 30562/io.github.openclawcn.app: 114% user + 81% kernel / faults: 4719134 minor 1 major","61.2","51.3","soc_max:61.2"
"4","2026-05-16T16:57:07.7325141+08:00","1395","0.0","3344","56","278452","17907756","195% 30562/io.github.openclawcn.app: 114% user + 81% kernel / faults: 4719134 minor 1 major","61","50.7","cpu-little5:61"
"6","2026-05-16T16:57:12.4405927+08:00","1395","0.0","3344","56","278716","17907756","195% 30562/io.github.openclawcn.app: 114% user + 81% kernel / faults: 4719134 minor 1 major","61","50.7","cpu-little5:61"
"8","2026-05-16T16:57:17.6330017+08:00","1395","0.0","3328","56","285708","17907756","195% 30562/io.github.openclawcn.app: 114% user + 81% kernel / faults: 4719134 minor 1 major","60.9","51.3","cpu-little5:60.9"
"10","2026-05-16T16:57:22.2720142+08:00","1395","0.0","3344","56","285948","17907756","195% 30562/io.github.openclawcn.app: 114% user + 81% kernel / faults: 4719134 minor 1 major","60.9","51.3","cpu-little7:60.9"
"12","2026-05-16T16:57:26.9445265+08:00","1395","0.0","3308","56","286204","17907756","195% 30562/io.github.openclawcn.app: 114% user + 81% kernel / faults: 4719134 minor 1 major","60.9","51.3","cpu-little5:60.9"
"14","2026-05-16T16:57:31.6380282+08:00","1395","0.0","3292","56","286476","17907756","195% 30562/io.github.openclawcn.app: 114% user + 81% kernel / faults: 4719134 minor 1 major","60.9","51.8","soc_max:60.9"
"16","2026-05-16T16:57:36.2953291+08:00","1395","0.0","3352","56","287456","17908624","195% 30562/io.github.openclawcn.app: 114% user + 81% kernel / faults: 4719134 minor 1 major","60.9","51.8","cpu-little7:60.9"
"18","2026-05-16T16:57:41.0201358+08:00","1395","0.0","3328","56","287724","17908624","195% 30562/io.github.openclawcn.app: 114% user + 81% kernel / faults: 4719134 minor 1 major","61","51.3","cpu-little7:61"
"20","2026-05-16T16:57:45.6836631+08:00","1395","0.0","3372","61","288984","17996228","195% 30562/io.github.openclawcn.app: 114% user + 81% kernel / faults: 4719134 minor 1 major","61","50.7","soc_max:61"
"22","2026-05-16T16:57:50.8341738+08:00","1395","0.0","3392","64","293704","18045836","195% 30562/io.github.openclawcn.app: 114% user + 81% kernel / faults: 4719134 minor 1 major","60.1","50.7","cpu-little7:60.1"
"24","2026-05-16T16:57:55.8307987+08:00","1395","0.0","3304","56","294028","17905676","195% 30562/io.github.openclawcn.app: 114% user + 81% kernel / faults: 4719134 minor 1 major","59.1","50.7","cpu-little5:59.1"
"26","2026-05-16T16:58:00.5317829+08:00","1395","0.0","3316","81","454468","18738792","195% 30562/io.github.openclawcn.app: 114% user + 81% kernel / faults: 4719134 minor 1 major","61.9","52.3","cpu-little5:61.9"
"28","2026-05-16T16:58:06.8220150+08:00","1395","0.0","3320","81","1011860","19261952","195% 30562/io.github.openclawcn.app: 114% user + 81% kernel / faults: 4719134 minor 1 major","62.5","51.8","cpu-little5:62.5"
"30","2026-05-16T16:58:12.8054941+08:00","1395","0.0","3396","84","684280","19143020","195% 30562/io.github.openclawcn.app: 114% user + 81% kernel / faults: 4719134 minor 1 major","62.2","51.3","soc_max:62.2"
"32","2026-05-16T16:58:19.6564745+08:00","1395","0.0","3344","84","708156","19149552","195% 30562/io.github.openclawcn.app: 114% user + 81% kernel / faults: 4719134 minor 1 major","62.2","51.8","cpu-little5:62.2"
"34","2026-05-16T16:58:25.8465485+08:00","1395","0.0","3452","84","951112","19346100","195% 30562/io.github.openclawcn.app: 114% user + 81% kernel / faults: 4719134 minor 1 major","62.7","52.9","cpu-little5:62.7"
"36","2026-05-16T16:58:31.4550475+08:00","1395","0.0","3396","84","1185188","19567656","+0% 1395/io.github.openclawcn.app: 0% user + 0% kernel","62.9","51.8","soc_max:62.9"
"38","2026-05-16T16:58:37.1648118+08:00","1395","0.0","3372","84","1575696","20083124","+0% 1395/io.github.openclawcn.app: 0% user + 0% kernel","62.9","52.9","cpu-little5:62.9"
"40","2026-05-16T16:58:43.2056265+08:00","1395","0.0","3348","84","1828388","20240704","+0% 1395/io.github.openclawcn.app: 0% user + 0% kernel","63","51.8","cpu-little5:63"
"42","2026-05-16T16:58:50.4471094+08:00","1395","0.0","3300","85","1844436","20276680","+0% 1395/io.github.openclawcn.app: 0% user + 0% kernel","63.1","52.3","cpu-little5:63.1"
"44","2026-05-16T16:58:56.6489400+08:00","1395","0.0","3300","85","1868768","20276164","+0% 1395/io.github.openclawcn.app: 0% user + 0% kernel","62.8","51.8","soc_max:62.8"
"46","2026-05-16T16:59:01.7283676+08:00","1395","0.0","3216","85","1864960","20269028","+0% 1395/io.github.openclawcn.app: 0% user + 0% kernel","62.8","51.8","cpu-little5:62.8"
"48","2026-05-16T16:59:08.5830822+08:00","1395","0.0","3324","84","1844348","20252716","+0% 1395/io.github.openclawcn.app: 0% user + 0% kernel","63.8","51.8","cpu-little5:63.8"
"50","2026-05-16T16:59:14.4076891+08:00","1395","0.0","3264","84","1843496","20253928","+0% 1395/io.github.openclawcn.app: 0% user + 0% kernel","65.1","53.4","soc_max:65.1"
"52","2026-05-16T16:59:19.9557418+08:00","1395","0.0","3304","84","1754668","20254004","+0% 1395/io.github.openclawcn.app: 0% user + 0% kernel","63.7","53.4","soc_max:63.7"
"54","2026-05-16T16:59:25.5917502+08:00","1395","0.0","3268","84","1765944","20277152","+0% 1395/io.github.openclawcn.app: 0% user + 0% kernel","64.4","53.4","soc_max:64.4"
"56","2026-05-16T16:59:32.6660262+08:00","1395","0.0","3200","85","1792996","20321668","+0% 1395/io.github.openclawcn.app: 0% user + 0% kernel","64.4","53.9","cpu-little5:64.4"
"58","2026-05-16T16:59:39.0355957+08:00","1395","0.0","3308","87","1757424","20296996","+0% 1395/io.github.openclawcn.app: 0% user + 0% kernel","64.3","52.9","cpu-little5:64.3"
