sample,epoch_ms,zone,type,temp
1,1778904977249,thermal_zone0,soc_max,55590
1,1778904977249,thermal_zone1,cpu-big1,54336
1,1778904977249,thermal_zone10,cpu-little6,55284
1,1778904977249,thermal_zone11,cpu-little7,56109
1,1778904977249,thermal_zone12,cpu-little8,54902
1,1778904977249,thermal_zone13,soc1,53297
1,1778904977249,thermal_zone14,soc2,53388
1,1778904977249,thermal_zone15,soc3,53220
1,1778904977249,thermal_zone16,apu,53006
1,1778904977249,thermal_zone17,gpu1,53740
1,1778904977249,thermal_zone18,gpu2,52823
1,1778904977249,thermal_zone19,pmic-temp,48701
1,1778904977249,thermal_zone2,cpu-big2,54214
1,1778904977249,thermal_zone20,pmic-vcore,48581
1,1778904977249,thermal_zone21,pmic-vproc,48045
1,1778904977249,thermal_zone22,pmic-vgpu,47508
1,1778904977249,thermal_zone23,ap_ntc,50729
1,1778904977249,thermal_zone3,cpu-big3,54932
1,1778904977249,thermal_zone4,cpu-big4,55116
1,1778904977249,thermal_zone5,cpu-little1,54734
1,1778904977249,thermal_zone6,cpu-little2,55192
1,1778904977249,thermal_zone7,cpu-little3,55269
1,1778904977249,thermal_zone8,cpu-little4,55223
1,1778904977249,thermal_zone9,cpu-little5,56354
2,1778904982213,thermal_zone0,soc_max,57210
2,1778904982213,thermal_zone1,cpu-big1,56002
2,1778904982213,thermal_zone10,cpu-little6,57348
2,1778904982213,thermal_zone11,cpu-little7,57241
2,1778904982213,thermal_zone12,cpu-little8,56996
2,1778904982213,thermal_zone13,soc1,54932
2,1778904982213,thermal_zone14,soc2,55085
2,1778904982213,thermal_zone15,soc3,54550
2,1778904982213,thermal_zone16,apu,54688
2,1778904982213,thermal_zone17,gpu1,54474
2,1778904982213,thermal_zone18,gpu2,54367
2,1778904982213,thermal_zone19,pmic-temp,48701
2,1778904982213,thermal_zone2,cpu-big2,56018
2,1778904982213,thermal_zone20,pmic-vcore,49118
2,1778904982213,thermal_zone21,pmic-vproc,48045
2,1778904982213,thermal_zone22,pmic-vgpu,48045
2,1778904982213,thermal_zone23,ap_ntc,51145
2,1778904982213,thermal_zone3,cpu-big3,56278
2,1778904982213,thermal_zone4,cpu-big4,56048
2,1778904982213,thermal_zone5,cpu-little1,55941
2,1778904982213,thermal_zone6,cpu-little2,56048
2,1778904982213,thermal_zone7,cpu-little3,56002
2,1778904982213,thermal_zone8,cpu-little4,56155
2,1778904982213,thermal_zone9,cpu-little5,57653
3,1778904987888,thermal_zone0,soc_max,59243
3,1778904987888,thermal_zone1,cpu-big1,57638
3,1778904987888,thermal_zone10,cpu-little6,58632
3,1778904987888,thermal_zone11,cpu-little7,59366
3,1778904987888,thermal_zone12,cpu-little8,59060
3,1778904987888,thermal_zone13,soc1,59289
3,1778904987888,thermal_zone14,soc2,58494
3,1778904987888,thermal_zone15,soc3,57867
3,1778904987888,thermal_zone16,apu,59350
3,1778904987888,thermal_zone17,gpu1,57287
3,1778904987888,thermal_zone18,gpu2,57180
3,1778904987888,thermal_zone19,pmic-temp,49295
3,1778904987888,thermal_zone2,cpu-big2,57974
3,1778904987888,thermal_zone20,pmic-vcore,50191
3,1778904987888,thermal_zone21,pmic-vproc,49118
3,1778904987888,thermal_zone22,pmic-vgpu,48581
3,1778904987888,thermal_zone23,ap_ntc,51875
3,1778904987888,thermal_zone3,cpu-big3,57913
3,1778904987888,thermal_zone4,cpu-big4,58295
3,1778904987888,thermal_zone5,cpu-little1,58662
3,1778904987888,thermal_zone6,cpu-little2,58510
3,1778904987888,thermal_zone7,cpu-little3,58464
3,1778904987888,thermal_zone8,cpu-little4,58540
3,1778904987888,thermal_zone9,cpu-little5,59870
4,1778904993103,thermal_zone0,soc_max,60925
4,1778904993103,thermal_zone1,cpu-big1,59197
4,1778904993103,thermal_zone10,cpu-little6,60527
4,1778904993103,thermal_zone11,cpu-little7,60894
4,1778904993103,thermal_zone12,cpu-little8,60619
4,1778904993103,thermal_zone13,soc1,60803
4,1778904993103,thermal_zone14,soc2,59763
4,1778904993103,thermal_zone15,soc3,59243
4,1778904993103,thermal_zone16,apu,60344
4,1778904993103,thermal_zone17,gpu1,58632
4,1778904993103,thermal_zone18,gpu2,58464
4,1778904993103,thermal_zone19,pmic-temp,49890
4,1778904993103,thermal_zone2,cpu-big2,59411
4,1778904993103,thermal_zone20,pmic-vcore,50728
4,1778904993103,thermal_zone21,pmic-vproc,49655
4,1778904993103,thermal_zone22,pmic-vgpu,48581
4,1778904993103,thermal_zone23,ap_ntc,52708
4,1778904993103,thermal_zone3,cpu-big3,59167
4,1778904993103,thermal_zone4,cpu-big4,59228
4,1778904993103,thermal_zone5,cpu-little1,59901
4,1778904993103,thermal_zone6,cpu-little2,59625
4,1778904993103,thermal_zone7,cpu-little3,59671
4,1778904993103,thermal_zone8,cpu-little4,59794
4,1778904993103,thermal_zone9,cpu-little5,61124
5,1778904998182,thermal_zone0,soc_max,60466
5,1778904998182,thermal_zone1,cpu-big1,59457
5,1778904998182,thermal_zone10,cpu-little6,60329
5,1778904998182,thermal_zone11,cpu-little7,60329
5,1778904998182,thermal_zone12,cpu-little8,59931
5,1778904998182,thermal_zone13,soc1,58112
5,1778904998182,thermal_zone14,soc2,58081
5,1778904998182,thermal_zone15,soc3,57225
5,1778904998182,thermal_zone16,apu,57730
5,1778904998182,thermal_zone17,gpu1,57653
5,1778904998182,thermal_zone18,gpu2,57073
5,1778904998182,thermal_zone19,pmic-temp,49890
5,1778904998182,thermal_zone2,cpu-big2,58769
5,1778904998182,thermal_zone20,pmic-vcore,50191
5,1778904998182,thermal_zone21,pmic-vproc,49118
5,1778904998182,thermal_zone22,pmic-vgpu,48581
5,1778904998182,thermal_zone23,ap_ntc,53125
5,1778904998182,thermal_zone3,cpu-big3,58387
5,1778904998182,thermal_zone4,cpu-big4,58295
5,1778904998182,thermal_zone5,cpu-little1,58234
5,1778904998182,thermal_zone6,cpu-little2,58311
5,1778904998182,thermal_zone7,cpu-little3,58357
5,1778904998182,thermal_zone8,cpu-little4,58341
5,1778904998182,thermal_zone9,cpu-little5,59335
6,1778905002907,thermal_zone0,soc_max,58571
6,1778905002907,thermal_zone1,cpu-big1,57745
6,1778905002907,thermal_zone10,cpu-little6,58769
6,1778905002907,thermal_zone11,cpu-little7,58693
6,1778905002907,thermal_zone12,cpu-little8,58326
6,1778905002907,thermal_zone13,soc1,56859
6,1778905002907,thermal_zone14,soc2,56354
6,1778905002907,thermal_zone15,soc3,56171
6,1778905002907,thermal_zone16,apu,56094
6,1778905002907,thermal_zone17,gpu1,56400
6,1778905002907,thermal_zone18,gpu2,56018
6,1778905002907,thermal_zone19,pmic-temp,49890
6,1778905002907,thermal_zone2,cpu-big2,57562
6,1778905002907,thermal_zone20,pmic-vcore,50191
6,1778905002907,thermal_zone21,pmic-vproc,49118
6,1778905002907,thermal_zone22,pmic-vgpu,48581
6,1778905002907,thermal_zone23,ap_ntc,52708
6,1778905002907,thermal_zone3,cpu-big3,57577
6,1778905002907,thermal_zone4,cpu-big4,57577
6,1778905002907,thermal_zone5,cpu-little1,57348
6,1778905002907,thermal_zone6,cpu-little2,57455
6,1778905002907,thermal_zone7,cpu-little3,57608
6,1778905002907,thermal_zone8,cpu-little4,57531
6,1778905002907,thermal_zone9,cpu-little5,58724
7,1778905007337,thermal_zone0,soc_max,58295
7,1778905007337,thermal_zone1,cpu-big1,57134
7,1778905007337,thermal_zone10,cpu-little6,58219
7,1778905007337,thermal_zone11,cpu-little7,58357
7,1778905007337,thermal_zone12,cpu-little8,58418
7,1778905007337,thermal_zone13,soc1,56216
7,1778905007337,thermal_zone14,soc2,56125
7,1778905007337,thermal_zone15,soc3,56033
7,1778905007337,thermal_zone16,apu,56094
7,1778905007337,thermal_zone17,gpu1,56125
7,1778905007337,thermal_zone18,gpu2,55605
7,1778905007337,thermal_zone19,pmic-temp,49890
7,1778905007337,thermal_zone2,cpu-big2,57256
7,1778905007337,thermal_zone20,pmic-vcore,50191
7,1778905007337,thermal_zone21,pmic-vproc,49118
7,1778905007337,thermal_zone22,pmic-vgpu,48581
7,1778905007337,thermal_zone23,ap_ntc,52604
7,1778905007337,thermal_zone3,cpu-big3,57241
7,1778905007337,thermal_zone4,cpu-big4,57409
7,1778905007337,thermal_zone5,cpu-little1,57149
7,1778905007337,thermal_zone6,cpu-little2,57149
7,1778905007337,thermal_zone7,cpu-little3,57271
7,1778905007337,thermal_zone8,cpu-little4,57149
7,1778905007337,thermal_zone9,cpu-little5,58265
8,1778905011803,thermal_zone0,soc_max,56767
8,1778905011803,thermal_zone1,cpu-big1,56385
8,1778905011803,thermal_zone10,cpu-little6,56385
8,1778905011803,thermal_zone11,cpu-little7,56660
8,1778905011803,thermal_zone12,cpu-little8,56904
8,1778905011803,thermal_zone13,soc1,55208
8,1778905011803,thermal_zone14,soc2,53878
8,1778905011803,thermal_zone15,soc3,54932
8,1778905011803,thermal_zone16,apu,53740
8,1778905011803,thermal_zone17,gpu1,54474
8,1778905011803,thermal_zone18,gpu2,54749
8,1778905011803,thermal_zone19,pmic-temp,49295
8,1778905011803,thermal_zone2,cpu-big2,56675
8,1778905011803,thermal_zone20,pmic-vcore,50191
8,1778905011803,thermal_zone21,pmic-vproc,49118
8,1778905011803,thermal_zone22,pmic-vgpu,48581
8,1778905011803,thermal_zone23,ap_ntc,52395
8,1778905011803,thermal_zone3,cpu-big3,56354
8,1778905011803,thermal_zone4,cpu-big4,55391
8,1778905011803,thermal_zone5,cpu-little1,55804
8,1778905011803,thermal_zone6,cpu-little2,56125
8,1778905011803,thermal_zone7,cpu-little3,55483
8,1778905011803,thermal_zone8,cpu-little4,56323
8,1778905011803,thermal_zone9,cpu-little5,57684
9,1778905016545,thermal_zone0,soc_max,56415
9,1778905016545,thermal_zone1,cpu-big1,55177
9,1778905016545,thermal_zone10,cpu-little6,57210
9,1778905016545,thermal_zone11,cpu-little7,57149
9,1778905016545,thermal_zone12,cpu-little8,56935
9,1778905016545,thermal_zone13,soc1,54351
9,1778905016545,thermal_zone14,soc2,54015
9,1778905016545,thermal_zone15,soc3,53159
9,1778905016545,thermal_zone16,apu,54306
9,1778905016545,thermal_zone17,gpu1,54749
9,1778905016545,thermal_zone18,gpu2,53878
9,1778905016545,thermal_zone19,pmic-temp,49295
9,1778905016545,thermal_zone2,cpu-big2,55330
9,1778905016545,thermal_zone20,pmic-vcore,49654
9,1778905016545,thermal_zone21,pmic-vproc,48581
9,1778905016545,thermal_zone22,pmic-vgpu,48581
9,1778905016545,thermal_zone23,ap_ntc,52187
9,1778905016545,thermal_zone3,cpu-big3,56216
9,1778905016545,thermal_zone4,cpu-big4,55804
9,1778905016545,thermal_zone5,cpu-little1,55636
9,1778905016545,thermal_zone6,cpu-little2,55880
9,1778905016545,thermal_zone7,cpu-little3,55972
9,1778905016545,thermal_zone8,cpu-little4,55880
9,1778905016545,thermal_zone9,cpu-little5,56966
10,1778905021186,thermal_zone0,soc_max,56568
10,1778905021186,thermal_zone1,cpu-big1,55834
10,1778905021186,thermal_zone10,cpu-little6,56461
10,1778905021186,thermal_zone11,cpu-little7,56706
10,1778905021186,thermal_zone12,cpu-little8,56629
10,1778905021186,thermal_zone13,soc1,54107
10,1778905021186,thermal_zone14,soc2,54673
10,1778905021186,thermal_zone15,soc3,54030
10,1778905021186,thermal_zone16,apu,54015
10,1778905021186,thermal_zone17,gpu1,54718
10,1778905021186,thermal_zone18,gpu2,54183
10,1778905021186,thermal_zone19,pmic-temp,49295
10,1778905021186,thermal_zone2,cpu-big2,56094
10,1778905021186,thermal_zone20,pmic-vcore,49654
10,1778905021186,thermal_zone21,pmic-vproc,48581
10,1778905021186,thermal_zone22,pmic-vgpu,48581
10,1778905021186,thermal_zone23,ap_ntc,51979
10,1778905021186,thermal_zone3,cpu-big3,55911
10,1778905021186,thermal_zone4,cpu-big4,56109
10,1778905021186,thermal_zone5,cpu-little1,55804
10,1778905021186,thermal_zone6,cpu-little2,55850
10,1778905021186,thermal_zone7,cpu-little3,56033
10,1778905021186,thermal_zone8,cpu-little4,55681
10,1778905021186,thermal_zone9,cpu-little5,56797
11,1778905025958,thermal_zone0,soc_max,56797
11,1778905025958,thermal_zone1,cpu-big1,55758
11,1778905025958,thermal_zone10,cpu-little6,56599
11,1778905025958,thermal_zone11,cpu-little7,55911
11,1778905025958,thermal_zone12,cpu-little8,56553
11,1778905025958,thermal_zone13,soc1,54596
11,1778905025958,thermal_zone14,soc2,54397
11,1778905025958,thermal_zone15,soc3,54443
11,1778905025958,thermal_zone16,apu,54061
11,1778905025958,thermal_zone17,gpu1,54474
11,1778905025958,thermal_zone18,gpu2,54153
11,1778905025958,thermal_zone19,pmic-temp,49295
11,1778905025958,thermal_zone2,cpu-big2,55788
11,1778905025958,thermal_zone20,pmic-vcore,49654
11,1778905025958,thermal_zone21,pmic-vproc,48581
11,1778905025958,thermal_zone22,pmic-vgpu,48581
11,1778905025958,thermal_zone23,ap_ntc,51875
11,1778905025958,thermal_zone3,cpu-big3,55116
11,1778905025958,thermal_zone4,cpu-big4,55529
11,1778905025958,thermal_zone5,cpu-little1,55636
11,1778905025958,thermal_zone6,cpu-little2,55819
11,1778905025958,thermal_zone7,cpu-little3,55620
11,1778905025958,thermal_zone8,cpu-little4,55819
11,1778905025958,thermal_zone9,cpu-little5,57134
12,1778905030759,thermal_zone0,soc_max,56599
12,1778905030759,thermal_zone1,cpu-big1,55590
12,1778905030759,thermal_zone10,cpu-little6,56828
12,1778905030759,thermal_zone11,cpu-little7,57042
12,1778905030759,thermal_zone12,cpu-little8,55697
12,1778905030759,thermal_zone13,soc1,54306
12,1778905030759,thermal_zone14,soc2,53969
12,1778905030759,thermal_zone15,soc3,52899
12,1778905030759,thermal_zone16,apu,53878
12,1778905030759,thermal_zone17,gpu1,54336
12,1778905030759,thermal_zone18,gpu2,54015
12,1778905030759,thermal_zone19,pmic-temp,49295
12,1778905030759,thermal_zone2,cpu-big2,55880
12,1778905030759,thermal_zone20,pmic-vcore,49654
12,1778905030759,thermal_zone21,pmic-vproc,48581
12,1778905030759,thermal_zone22,pmic-vgpu,48581
12,1778905030759,thermal_zone23,ap_ntc,51875
12,1778905030759,thermal_zone3,cpu-big3,55834
12,1778905030759,thermal_zone4,cpu-big4,55666
12,1778905030759,thermal_zone5,cpu-little1,55636
12,1778905030759,thermal_zone6,cpu-little2,55253
12,1778905030759,thermal_zone7,cpu-little3,55376
12,1778905030759,thermal_zone8,cpu-little4,55498
12,1778905030759,thermal_zone9,cpu-little5,56385
13,1778905035517,thermal_zone0,soc_max,56690
13,1778905035517,thermal_zone1,cpu-big1,55452
13,1778905035517,thermal_zone10,cpu-little6,56415
13,1778905035517,thermal_zone11,cpu-little7,55834
13,1778905035517,thermal_zone12,cpu-little8,55529
13,1778905035517,thermal_zone13,soc1,53969
13,1778905035517,thermal_zone14,soc2,54504
13,1778905035517,thermal_zone15,soc3,54199
13,1778905035517,thermal_zone16,apu,54306
13,1778905035517,thermal_zone17,gpu1,54718
13,1778905035517,thermal_zone18,gpu2,54397
13,1778905035517,thermal_zone19,pmic-temp,49295
